idx,date,odometr,diff,state,driverId
,2026-04-07T04:00:33.109Z,737991,,OH,20141
,2026-04-07T04:01:33.114Z,737992,1,OH,20141
,2026-04-07T04:02:36.105Z,737993,1,OH,20141
,2026-04-07T04:03:36.111Z,737994,1,OH,20141
,2026-04-07T04:05:39.116Z,737996,2,OH,20141
,2026-04-07T04:06:39.119Z,737997,1,OH,20141
,2026-04-07T04:07:42.110Z,737999,2,OH,20141
,2026-04-07T04:08:45.119Z,738000,1,OH,20141
,2026-04-07T04:09:48.110Z,738001,1,OH,20141
,2026-04-07T04:10:48.117Z,738002,1,OH,20141
,2026-04-07T04:11:51.116Z,738003,1,OH,20141
,2026-04-07T04:12:51.120Z,738004,1,OH,20141
,2026-04-07T04:13:54.113Z,738005,1,OH,20141
,2026-04-07T04:14:54.116Z,738006,1,OH,20141
,2026-04-07T04:15:57.122Z,738007,1,OH,20141
,2026-04-07T04:16:57.124Z,738008,1,OH,20141
,2026-04-07T04:18:00.122Z,738010,2,OH,20141
,2026-04-07T04:19:03.110Z,738011,1,OH,20141
,2026-04-07T04:20:03.118Z,738012,1,OH,20141
,2026-04-07T04:21:06.106Z,738013,1,OH,20141
,2026-04-07T04:23:12.102Z,738015,2,OH,20141
,2026-04-07T04:24:15.116Z,738016,1,OH,20141
,2026-04-07T04:25:18.110Z,738018,2,OH,20141
,2026-04-07T04:26:21.112Z,738019,1,OH,20141
,2026-04-07T04:27:21.116Z,738020,1,OH,20141
,2026-04-07T04:28:24.108Z,738021,1,OH,20141
,2026-04-07T04:29:24.112Z,738022,1,OH,20141
,2026-04-07T04:30:27.110Z,738023,1,OH,20141
,2026-04-07T04:31:30.105Z,738024,1,OH,20141
,2026-04-07T04:32:33.108Z,738025,1,OH,20141
,2026-04-07T04:33:33.114Z,738026,1,OH,20141
,2026-04-07T04:34:36.115Z,738027,1,OH,20141
,2026-04-07T04:35:39.103Z,738028,1,OH,20141
,2026-04-07T04:36:39.108Z,738029,1,OH,20141
,2026-04-07T04:37:42.112Z,738030,1,OH,20141
,2026-04-07T04:38:45.114Z,738031,1,OH,20141
,2026-04-07T04:39:48.112Z,738032,1,OH,20141
,2026-04-07T04:40:48.104Z,738033,1,OH,20141
,2026-04-07T04:45:00.108Z,738038,5,OH,20141
,2026-04-07T04:46:03.105Z,738039,1,OH,20141
,2026-04-07T04:47:03.112Z,738040,1,OH,20141
,2026-04-07T04:48:06.107Z,738041,1,OH,20141
,2026-04-07T04:49:06.112Z,738042,1,OH,20141
,2026-04-07T04:51:12.106Z,738044,2,OH,20141
,2026-04-07T04:52:15.103Z,738046,2,OH,20141
,2026-04-07T04:53:18.101Z,738047,1,OH,20141
,2026-04-07T04:54:21.107Z,738048,1,OH,20141
,2026-04-07T04:55:21.113Z,738049,1,OH,20141
,2026-04-07T04:56:24.105Z,738050,1,OH,20141
,2026-04-07T04:57:28.109Z,738050,0,OH,20141
,2026-04-07T04:58:29.110Z,738051,1,OH,20141
,2026-04-07T05:18:06.113Z,738051,0,OH,20141
,2026-04-07T05:19:07.111Z,738052,1,OH,20141
,2026-04-07T05:20:07.124Z,738053,1,OH,20141
,2026-04-07T05:21:10.116Z,738054,1,IN,20141
,2026-04-07T05:22:13.118Z,738055,1,IN,20141
,2026-04-07T05:23:16.113Z,738056,1,IN,20141
,2026-04-07T05:24:23.112Z,738057,1,IN,20141
,2026-04-07T05:25:24.112Z,738058,1,IN,20141
,2026-04-07T05:26:24.115Z,738059,1,IN,20141
,2026-04-07T05:27:27.115Z,738060,1,IN,20141
,2026-04-07T05:28:30.113Z,738061,1,IN,20141
,2026-04-07T05:29:33.129Z,738062,1,IN,20141
,2026-04-07T05:30:36.115Z,738063,1,IN,20141
,2026-04-07T05:31:39.118Z,738064,1,IN,20141
,2026-04-07T05:32:42.121Z,738065,1,IN,20141
,2026-04-07T05:34:48.111Z,738068,3,IN,20141
,2026-04-07T05:35:51.110Z,738069,1,IN,20141
,2026-04-07T05:36:54.113Z,738070,1,IN,20141
,2026-04-07T05:37:57.101Z,738071,1,IN,20141
,2026-04-07T05:38:57.114Z,738072,1,IN,20141
,2026-04-07T05:40:00.105Z,738073,1,IN,20141
,2026-04-07T05:41:03.111Z,738074,1,IN,20141
,2026-04-07T05:42:06.107Z,738075,1,IN,20141
,2026-04-07T05:43:06.123Z,738076,1,IN,20141
,2026-04-07T05:44:09.112Z,738078,2,IN,20141
,2026-04-07T05:45:12.106Z,738079,1,IN,20141
,2026-04-07T05:46:15.114Z,738080,1,IN,20141
,2026-04-07T05:47:18.115Z,738081,1,IN,20141
,2026-04-07T05:48:18.121Z,738082,1,IN,20141
,2026-04-07T05:49:21.119Z,738083,1,IN,20141
,2026-04-07T05:50:24.109Z,738084,1,IN,20141
,2026-04-07T05:51:24.114Z,738085,1,IN,20141
,2026-04-07T05:52:24.123Z,738087,2,IN,20141
,2026-04-07T05:53:27.119Z,738088,1,IN,20141
,2026-04-07T05:54:27.115Z,738089,1,IN,20141
,2026-04-07T05:55:30.118Z,738090,1,IN,20141
,2026-04-07T05:56:33.119Z,738091,1,IN,20141
,2026-04-07T05:57:36.120Z,738092,1,IN,20141
,2026-04-07T05:58:36.126Z,738093,1,IN,20141
,2026-04-07T05:59:39.108Z,738095,2,IN,20141
,2026-04-07T06:00:39.110Z,738096,1,IN,20141
,2026-04-07T06:01:42.111Z,738097,1,IN,20141
,2026-04-07T06:02:45.115Z,738098,1,IN,20141
,2026-04-07T06:03:45.117Z,738099,1,IN,20141
,2026-04-07T06:04:48.103Z,738100,1,IN,20141
,2026-04-07T06:06:24.744Z,738101,1,IN,20141
,2026-04-07T10:43:32.104Z,738102,1,IN,20141
,2026-04-07T10:44:32.111Z,738103,1,IN,20141
,2026-04-07T10:45:35.112Z,738104,1,IN,20141
,2026-04-07T10:46:38.107Z,738105,1,IN,20141
,2026-04-07T10:47:38.110Z,738106,1,IN,20141
,2026-04-07T10:48:41.110Z,738107,1,IN,20141
,2026-04-07T10:49:44.113Z,738108,1,IN,20141
,2026-04-07T10:50:47.108Z,738110,2,IN,20141
,2026-04-07T10:51:50.108Z,738111,1,IN,20141
,2026-04-07T10:52:50.112Z,738112,1,IN,20141
,2026-04-07T10:53:53.107Z,738113,1,IN,20141
,2026-04-07T10:54:53.113Z,738114,1,IN,20141
,2026-04-07T10:55:56.105Z,738115,1,IN,20141
,2026-04-07T10:56:56.111Z,738116,1,IN,20141
,2026-04-07T10:57:59.113Z,738118,2,IN,20141
,2026-04-07T10:59:02.108Z,738119,1,IN,20141
,2026-04-07T11:00:05.112Z,738120,1,IN,20141
,2026-04-07T11:01:05.121Z,738121,1,IN,20141
,2026-04-07T11:02:08.110Z,738122,1,IN,20141
,2026-04-07T11:03:08.115Z,738123,1,IN,20141
,2026-04-07T11:04:11.109Z,738124,1,IN,20141
,2026-04-07T11:06:14.116Z,738127,3,IN,20141
,2026-04-07T11:08:17.134Z,738129,2,IN,20141
,2026-04-07T11:09:20.115Z,738130,1,IN,20141
,2026-04-07T11:10:23.118Z,738131,1,IN,20141
,2026-04-07T11:11:26.122Z,738132,1,IN,20141
,2026-04-07T11:12:29.113Z,738133,1,IN,20141
,2026-04-07T11:13:32.118Z,738134,1,IN,20141
,2026-04-07T11:14:35.110Z,738136,2,IN,20141
,2026-04-07T11:15:38.112Z,738137,1,IN,20141
,2026-04-07T11:16:41.115Z,738138,1,IN,20141
,2026-04-07T11:17:44.115Z,738139,1,IN,20141
,2026-04-07T11:18:47.115Z,738140,1,IN,20141
,2026-04-07T11:19:50.113Z,738141,1,IN,20141
,2026-04-07T11:20:50.119Z,738142,1,IN,20141
,2026-04-07T11:21:53.111Z,738144,2,IN,20141
,2026-04-07T11:22:56.114Z,738145,1,IN,20141
,2026-04-07T11:23:56.116Z,738146,1,IN,20141
,2026-04-07T11:24:59.113Z,738147,1,IN,20141
,2026-04-07T11:26:02.111Z,738148,1,IN,20141
,2026-04-07T11:27:05.114Z,738149,1,IN,20141
,2026-04-07T11:28:08.116Z,738150,1,IN,20141
,2026-04-07T11:29:11.123Z,738152,2,IN,20141
,2026-04-07T11:30:14.118Z,738153,1,IN,20141
,2026-04-07T11:31:14.147Z,738154,1,IN,20141
,2026-04-07T11:32:17.132Z,738155,1,IN,20141
,2026-04-07T11:33:19.135Z,738156,1,IN,20141
,2026-04-07T11:34:20.120Z,738157,1,IN,20141
,2026-04-07T11:35:23.117Z,738158,1,IN,20141
,2026-04-07T11:36:26.122Z,738160,2,IN,20141
,2026-04-07T11:37:29.118Z,738161,1,IN,20141
,2026-04-07T11:38:29.126Z,738162,1,IN,20141
,2026-04-07T11:39:32.112Z,738163,1,IN,20141
,2026-04-07T11:40:32.116Z,738164,1,IN,20141
,2026-04-07T11:41:35.114Z,738165,1,IN,20141
,2026-04-07T11:42:38.124Z,738166,1,IN,20141
,2026-04-07T11:43:41.116Z,738168,2,IN,20141
,2026-04-07T11:44:44.119Z,738169,1,IN,20141
,2026-04-07T11:45:47.114Z,738170,1,IN,20141
,2026-04-07T11:46:47.116Z,738171,1,IN,20141
,2026-04-07T11:47:50.115Z,738172,1,IN,20141
,2026-04-07T11:48:53.116Z,738173,1,IN,20141
,2026-04-07T11:49:56.117Z,738174,1,IN,20141
,2026-04-07T11:50:59.117Z,738175,1,IN,20141
,2026-04-07T11:51:59.117Z,738176,1,IN,20141
,2026-04-07T11:53:02.113Z,738177,1,IN,20141
,2026-04-07T11:54:02.116Z,738178,1,IN,20141
,2026-04-07T11:55:05.121Z,738180,2,IN,20141
,2026-04-07T11:56:08.119Z,738181,1,IN,20141
,2026-04-07T11:57:08.116Z,738182,1,IN,20141
,2026-04-07T11:59:12.119Z,738184,2,IN,20141
,2026-04-07T12:00:14.135Z,738184,0,IN,20141
,2026-04-07T12:01:17.112Z,738185,1,IN,20141
,2026-04-07T12:02:20.111Z,738186,1,IN,20141
,2026-04-07T12:03:23.126Z,738187,1,IN,20141
,2026-04-07T12:04:26.111Z,738188,1,IN,20141
,2026-04-07T12:05:29.106Z,738189,1,IN,20141
,2026-04-07T12:06:29.111Z,738190,1,IN,20141
,2026-04-07T12:07:32.115Z,738191,1,IN,20141
,2026-04-07T12:08:35.111Z,738192,1,IN,20141
,2026-04-07T12:09:35.116Z,738193,1,IN,20141
,2026-04-07T12:10:38.113Z,738194,1,IN,20141
,2026-04-07T12:11:38.116Z,738195,1,IN,20141
,2026-04-07T12:12:41.106Z,738196,1,IN,20141
,2026-04-07T12:13:42.105Z,738196,0,IN,20141
,2026-04-07T12:50:33.108Z,738197,1,IN,20141
,2026-04-07T12:51:34.108Z,738198,1,IN,20141
,2026-04-07T12:52:53.685Z,738198,0,IN,20141
,2026-04-07T12:53:54.108Z,738198,0,IN,20141
,2026-04-07T12:54:59.110Z,738199,1,IN,20141
,2026-04-07T12:58:07.112Z,738199,0,IN,20141
,2026-04-07T12:59:37.136Z,738200,1,IN,20141
,2026-04-07T13:01:48.108Z,738200,0,IN,20141
,2026-04-07T13:03:50.109Z,738200,0,IN,20141
,2026-04-07T13:06:04.108Z,738201,1,IN,20141
,2026-04-07T13:07:09.106Z,738201,0,IN,20141
,2026-04-07T13:08:10.108Z,738201,0,IN,20141
,2026-04-07T13:09:12.108Z,738202,1,IN,20141
,2026-04-07T13:10:20.113Z,738202,0,IN,20141
,2026-04-07T13:11:21.118Z,738202,0,IN,20141
,2026-04-07T13:12:24.108Z,738202,0,IN,20141
,2026-04-07T13:14:48.111Z,738203,1,IN,20141
,2026-04-07T13:16:07.114Z,738203,0,IL,20141
,2026-04-07T13:18:09.140Z,738203,0,IL,20141
,2026-04-07T13:20:29.117Z,738204,1,IL,20141
,2026-04-07T13:23:43.115Z,738204,0,IL,20141
,2026-04-07T13:26:50.112Z,738204,0,IL,20141
,2026-04-07T13:28:58.109Z,738205,1,IL,20141
,2026-04-07T13:30:01.110Z,738206,1,IL,20141
,2026-04-07T13:31:04.108Z,738207,1,IL,20141
,2026-04-07T13:32:07.110Z,738208,1,IL,20141
,2026-04-07T13:33:10.110Z,738209,1,IL,20141
,2026-04-07T13:34:13.111Z,738210,1,IL,20141
,2026-04-07T13:35:16.111Z,738211,1,IL,20141
,2026-04-07T13:36:16.120Z,738212,1,IL,20141
,2026-04-07T13:37:19.113Z,738213,1,IL,20141
,2026-04-07T13:38:22.117Z,738214,1,IL,20141
,2026-04-07T13:39:24.115Z,738215,1,IL,20141
,2026-04-07T13:41:38.098Z,738215,0,IL,20141
,2026-04-07T13:43:40.108Z,738215,0,IL,20141
,2026-04-07T13:47:14.037Z,738215,0,IL,20141
,2026-04-07T13:48:18.102Z,738216,1,IL,20141
,2026-04-07T13:50:20.106Z,738216,0,IL,20141
,2026-04-07T13:53:28.106Z,738216,0,IL,20141
,2026-04-07T13:55:32.105Z,738216,0,IL,20141
,2026-04-07T13:57:41.106Z,738217,1,IL,20141
,2026-04-07T14:02:03.108Z,738217,0,IL,20141
,2026-04-07T14:05:13.110Z,738217,0,IL,20141
,2026-04-07T14:07:19.104Z,738217,0,IL,20141
,2026-04-07T14:11:35.106Z,738218,1,IL,20141
,2026-04-07T14:12:37.109Z,738218,0,IL,20141
,2026-04-07T14:13:40.107Z,738219,1,IL,20141
,2026-04-07T14:14:43.116Z,738220,1,IL,20141
,2026-04-07T14:15:46.122Z,738221,1,IL,20141
,2026-04-07T14:16:49.113Z,738222,1,IL,20141
,2026-04-07T14:17:52.119Z,738223,1,IL,20141
,2026-04-07T14:18:55.109Z,738224,1,IL,20141
,2026-04-07T14:19:58.108Z,738225,1,IL,20141
,2026-04-07T14:21:01.109Z,738226,1,IL,20141
,2026-04-07T14:22:04.111Z,738227,1,IL,20141
,2026-04-07T14:23:07.109Z,738229,2,IL,20141
,2026-04-07T14:24:10.118Z,738229,0,IL,20141
,2026-04-07T14:25:13.100Z,738230,1,IL,20141
,2026-04-07T14:26:16.110Z,738231,1,IL,20141
,2026-04-07T14:27:16.110Z,738232,1,IL,20141
,2026-04-07T14:28:19.111Z,738233,1,IL,20141
,2026-04-07T14:29:22.118Z,738233,0,IL,20141
,2026-04-07T14:30:25.109Z,738234,1,IL,20141
,2026-04-07T14:31:28.111Z,738235,1,IL,20141
,2026-04-07T14:32:31.112Z,738236,1,IL,20141
,2026-04-07T14:33:34.107Z,738237,1,IL,20141
,2026-04-07T14:34:34.111Z,738238,1,IL,20141
,2026-04-07T14:35:34.113Z,738239,1,IL,20141
,2026-04-07T14:36:37.112Z,738239,0,IL,20141
,2026-04-07T14:37:37.115Z,738240,1,IL,20141
,2026-04-07T14:38:40.113Z,738241,1,IL,20141
,2026-04-07T14:39:40.111Z,738242,1,IL,20141
,2026-04-07T14:40:43.112Z,738243,1,IL,20141
,2026-04-07T14:41:46.111Z,738244,1,IL,20141
,2026-04-07T14:42:49.110Z,738245,1,IL,20141
,2026-04-07T14:43:52.113Z,738246,1,IL,20141
,2026-04-07T14:44:55.111Z,738247,1,IL,20141
,2026-04-07T14:45:55.115Z,738248,1,IL,20141
,2026-04-07T14:46:55.120Z,738249,1,IL,20141
,2026-04-07T14:47:58.115Z,738250,1,IL,20141
,2026-04-07T14:49:01.119Z,738252,2,IL,20141
,2026-04-07T14:50:04.114Z,738253,1,IL,20141
,2026-04-07T14:51:07.116Z,738254,1,IL,20141
,2026-04-07T14:52:10.116Z,738255,1,IL,20141
,2026-04-07T14:53:13.112Z,738256,1,IL,20141
,2026-04-07T14:55:19.104Z,738258,2,IL,20141
,2026-04-07T14:56:22.108Z,738259,1,IL,20141
,2026-04-07T14:57:22.115Z,738260,1,IL,20141
,2026-04-07T14:58:25.120Z,738261,1,IL,20141
,2026-04-07T14:59:28.112Z,738263,2,IL,20141
,2026-04-07T15:00:31.120Z,738264,1,IL,20141
,2026-04-07T15:01:34.113Z,738265,1,IL,20141
,2026-04-07T15:03:40.114Z,738267,2,IL,20141
,2026-04-07T15:04:43.119Z,738268,1,IL,20141
,2026-04-07T15:05:46.107Z,738269,1,IL,20141
,2026-04-07T15:06:46.117Z,738270,1,IL,20141
,2026-04-07T15:07:49.117Z,738271,1,IL,20141
,2026-04-07T15:08:52.121Z,738273,2,IL,20141
,2026-04-07T15:09:55.110Z,738274,1,IL,20141
,2026-04-07T15:10:58.109Z,738275,1,IL,20141
,2026-04-07T15:12:01.109Z,738276,1,IL,20141
,2026-04-07T15:13:04.104Z,738277,1,IL,20141
,2026-04-07T15:14:04.110Z,738278,1,IL,20141
,2026-04-07T15:15:07.103Z,738279,1,IL,20141
,2026-04-07T15:16:10.105Z,738280,1,IL,20141
,2026-04-07T15:17:13.117Z,738282,2,IL,20141
,2026-04-07T15:18:16.105Z,738283,1,IL,20141
,2026-04-07T15:19:19.115Z,738284,1,IL,20141
,2026-04-07T15:20:22.102Z,738285,1,IL,20141
,2026-04-07T15:21:25.108Z,738286,1,IL,20141
,2026-04-07T15:22:28.108Z,738287,1,IL,20141
,2026-04-07T15:24:31.099Z,738290,3,IL,20141
,2026-04-07T15:25:31.118Z,738291,1,IL,20141
,2026-04-07T15:28:40.108Z,738294,3,IL,20141
,2026-04-07T15:30:46.110Z,738296,2,IL,20141
,2026-04-07T15:31:49.108Z,738297,1,IL,20141
,2026-04-07T15:32:52.104Z,738299,2,IL,20141
,2026-04-07T15:33:55.100Z,738300,1,IL,20141
,2026-04-07T15:34:55.104Z,738301,1,IL,20141
,2026-04-07T15:35:58.095Z,738302,1,IL,20141
,2026-04-07T15:36:58.102Z,738303,1,IL,20141
,2026-04-07T15:38:01.098Z,738304,1,IL,20141
,2026-04-07T15:39:01.117Z,738304,0,IL,20141
,2026-04-07T15:40:04.113Z,738305,1,IL,20141
,2026-04-07T15:41:07.105Z,738306,1,IL,20141
,2026-04-07T15:42:10.110Z,738307,1,IL,20141
,2026-04-07T15:43:13.104Z,738308,1,IL,20141
,2026-04-07T15:44:16.118Z,738309,1,IL,20141
,2026-04-07T15:45:19.104Z,738310,1,IL,20141
,2026-04-07T15:46:22.100Z,738311,1,IL,20141
,2026-04-07T15:47:25.137Z,738312,1,IL,20141
,2026-04-07T15:48:28.096Z,738314,2,IL,20141
,2026-04-07T15:49:28.106Z,738315,1,IL,20141
,2026-04-07T15:50:31.095Z,738316,1,IL,20141
,2026-04-07T15:51:31.104Z,738317,1,IL,20141
,2026-04-07T15:52:34.115Z,738318,1,IL,20141
,2026-04-07T15:53:37.097Z,738319,1,IL,20141
,2026-04-07T15:54:40.099Z,738320,1,IL,20141
,2026-04-07T15:55:43.108Z,738321,1,IL,20141
,2026-04-07T15:57:49.106Z,738323,2,IL,20141
,2026-04-07T15:58:52.107Z,738325,2,IL,20141
,2026-04-07T15:59:55.121Z,738326,1,IL,20141
,2026-04-07T16:00:58.102Z,738327,1,IL,20141
,2026-04-07T16:01:58.109Z,738328,1,IL,20141
,2026-04-07T16:03:01.105Z,738329,1,IL,20141
,2026-04-07T16:04:04.106Z,738330,1,IL,20141
,2026-04-07T16:05:07.102Z,738331,1,IL,20141
,2026-04-07T16:07:10.104Z,738334,3,IL,20141
,2026-04-07T16:08:10.111Z,738335,1,IL,20141
,2026-04-07T16:09:13.106Z,738336,1,IL,20141
,2026-04-07T16:10:16.108Z,738337,1,IL,20141
,2026-04-07T16:11:19.103Z,738339,2,IL,20141
,2026-04-07T16:12:19.109Z,738340,1,IL,20141
,2026-04-07T16:13:22.109Z,738341,1,IL,20141
,2026-04-07T16:15:28.109Z,738343,2,IL,20141
,2026-04-07T16:16:31.110Z,738345,2,IL,20141
,2026-04-07T16:17:34.095Z,738346,1,IL,20141
,2026-04-07T16:18:37.104Z,738347,1,IL,20141
,2026-04-07T16:19:39.108Z,738348,1,IL,20141
,2026-04-07T16:20:39.107Z,738349,1,IL,20141
,2026-04-07T16:21:42.111Z,738350,1,IL,20141
,2026-04-07T16:22:45.112Z,738352,2,IL,20141
,2026-04-07T16:23:48.092Z,738353,1,IL,20141
,2026-04-07T16:24:48.122Z,738354,1,IL,20141
,2026-04-07T16:25:51.117Z,738355,1,IL,20141
,2026-04-07T16:26:54.110Z,738356,1,IL,20141
,2026-04-07T16:27:57.109Z,738357,1,IL,20141
,2026-04-07T16:29:00.113Z,738358,1,IL,20141
,2026-04-07T16:30:03.114Z,738359,1,IL,20141
,2026-04-07T16:31:06.111Z,738360,1,IL,20141
,2026-04-07T16:32:09.105Z,738361,1,IL,20141
,2026-04-07T16:33:09.110Z,738362,1,IL,20141
,2026-04-07T16:34:10.111Z,738362,0,IL,20141
,2026-04-07T16:35:13.113Z,738363,1,IL,20141
,2026-04-07T16:36:13.120Z,738364,1,IL,20141
,2026-04-07T16:37:16.104Z,738365,1,IL,20141
,2026-04-07T16:38:16.116Z,738366,1,IL,20141
,2026-04-07T16:40:22.109Z,738368,2,IL,20141
,2026-04-07T16:41:25.115Z,738369,1,IL,20141
,2026-04-07T16:43:31.121Z,738372,3,IA,20141
,2026-04-07T16:44:34.110Z,738373,1,IA,20141
,2026-04-07T16:45:37.112Z,738374,1,IA,20141
,2026-04-07T16:46:40.122Z,738375,1,IA,20141
,2026-04-07T16:47:43.116Z,738376,1,IA,20141
,2026-04-07T16:48:46.114Z,738377,1,IA,20141
,2026-04-07T16:49:49.113Z,738378,1,IA,20141
,2026-04-07T16:50:49.127Z,738379,1,IA,20141
,2026-04-07T16:51:52.119Z,738381,2,IA,20141
,2026-04-07T16:52:55.111Z,738382,1,IA,20141
,2026-04-07T16:53:58.118Z,738383,1,IA,20141
,2026-04-07T16:54:59.128Z,738384,1,IA,20141
,2026-04-07T16:56:01.119Z,738385,1,IA,20141
,2026-04-07T16:57:04.112Z,738386,1,IA,20141
,2026-04-07T16:58:07.119Z,738387,1,IA,20141
,2026-04-07T16:59:10.108Z,738388,1,IA,20141
,2026-04-07T17:00:13.109Z,738389,1,IA,20141
,2026-04-07T17:02:19.113Z,738392,3,IA,20141
,2026-04-07T17:03:22.108Z,738393,1,IA,20141
,2026-04-07T17:04:25.119Z,738394,1,IA,20141
,2026-04-07T17:05:28.113Z,738395,1,IA,20141
,2026-04-07T17:06:31.115Z,738396,1,IA,20141
,2026-04-07T17:07:34.109Z,738397,1,IA,20141
,2026-04-07T17:08:37.119Z,738399,2,IA,20141
,2026-04-07T17:09:40.120Z,738400,1,IA,20141
,2026-04-07T17:24:56.118Z,738402,2,IA,20141
,2026-04-07T17:25:59.112Z,738403,1,IA,20141
,2026-04-07T17:27:02.113Z,738404,1,IA,20141
,2026-04-07T17:28:05.123Z,738405,1,IA,20141
,2026-04-07T17:29:08.110Z,738407,2,IA,20141
,2026-04-07T17:30:11.114Z,738408,1,IA,20141
,2026-04-07T17:31:14.113Z,738409,1,IA,20141
,2026-04-07T17:32:14.122Z,738410,1,IA,20141
,2026-04-07T17:33:17.110Z,738411,1,IA,20141
,2026-04-07T17:34:17.113Z,738412,1,IA,20141
,2026-04-07T17:35:20.116Z,738413,1,IA,20141
,2026-04-07T17:36:23.116Z,738414,1,IA,20141
,2026-04-07T17:37:26.110Z,738415,1,IA,20141
,2026-04-07T17:38:29.109Z,738417,2,IA,20141
,2026-04-07T17:39:32.110Z,738418,1,IA,20141
,2026-04-07T17:40:35.107Z,738419,1,IA,20141
,2026-04-07T17:41:38.115Z,738420,1,IA,20141
,2026-04-07T17:42:41.109Z,738421,1,IA,20141
,2026-04-07T17:43:44.119Z,738422,1,IA,20141
,2026-04-07T17:45:50.112Z,738424,2,IA,20141
,2026-04-07T17:46:53.125Z,738425,1,IA,20141
,2026-04-07T17:47:56.116Z,738427,2,IA,20141
,2026-04-07T17:48:59.119Z,738428,1,IA,20141
,2026-04-07T17:50:02.115Z,738429,1,IA,20141
,2026-04-07T17:51:05.110Z,738430,1,IA,20141
,2026-04-07T17:52:05.118Z,738431,1,IA,20141
,2026-04-07T17:53:08.120Z,738432,1,IA,20141
,2026-04-07T17:54:11.107Z,738433,1,IA,20141
,2026-04-07T17:55:14.117Z,738435,2,IA,20141
,2026-04-07T17:56:17.119Z,738436,1,IA,20141
,2026-04-07T17:57:20.115Z,738437,1,IA,20141
,2026-04-07T17:58:20.121Z,738438,1,IA,20141
,2026-04-07T17:59:23.114Z,738440,2,IA,20141
,2026-04-07T18:00:26.114Z,738441,1,IA,20141
,2026-04-07T18:01:29.115Z,738442,1,IA,20141
,2026-04-07T18:02:32.112Z,738443,1,IA,20141
,2026-04-07T18:03:35.114Z,738444,1,IA,20141
,2026-04-07T18:04:38.822Z,738446,2,IA,20141
,2026-04-07T18:05:41.121Z,738447,1,IA,20141
,2026-04-07T18:06:44.118Z,738448,1,IA,20141
,2026-04-07T18:07:44.131Z,738449,1,IA,20141
,2026-04-07T18:08:47.104Z,738451,2,IA,20141
,2026-04-07T18:09:47.121Z,738452,1,IA,20141
,2026-04-07T18:10:50.122Z,738453,1,IA,20141
,2026-04-07T18:11:53.118Z,738454,1,IA,20141
,2026-04-07T18:12:56.113Z,738455,1,IA,20141
,2026-04-07T18:13:59.117Z,738457,2,IA,20141
,2026-04-07T18:15:02.121Z,738458,1,IA,20141
,2026-04-07T18:16:05.116Z,738459,1,IA,20141
,2026-04-07T18:17:08.105Z,738460,1,IA,20141
,2026-04-07T18:18:08.110Z,738461,1,IA,20141
,2026-04-07T18:19:08.129Z,738462,1,IA,20141
,2026-04-07T18:20:11.104Z,738464,2,IA,20141
,2026-04-07T18:21:14.110Z,738465,1,IA,20141
,2026-04-07T18:22:17.109Z,738466,1,IA,20141
,2026-04-07T18:23:20.115Z,738467,1,IA,20141
,2026-04-07T18:24:23.115Z,738468,1,IA,20141
,2026-04-07T18:26:29.110Z,738470,2,IA,20141
,2026-04-07T18:27:29.110Z,738472,2,IA,20141
,2026-04-07T18:28:29.119Z,738473,1,IA,20141
,2026-04-07T18:29:32.108Z,738474,1,IA,20141
,2026-04-07T18:30:35.109Z,738475,1,IA,20141
,2026-04-07T18:31:38.115Z,738476,1,IA,20141
,2026-04-07T18:32:41.111Z,738477,1,IA,20141
,2026-04-07T18:33:44.110Z,738478,1,IA,20141
,2026-04-07T18:34:47.113Z,738480,2,IA,20141
,2026-04-07T18:35:50.113Z,738481,1,IA,20141
,2026-04-07T18:36:53.108Z,738482,1,IA,20141
,2026-04-07T18:37:56.105Z,738483,1,IA,20141
,2026-04-07T18:38:59.118Z,738484,1,IA,20141
,2026-04-07T18:40:02.112Z,738485,1,IA,20141
,2026-04-07T18:41:05.110Z,738486,1,IA,20141
,2026-04-07T18:42:08.109Z,738487,1,IA,20141
,2026-04-07T18:43:08.117Z,738488,1,IA,20141
,2026-04-07T18:44:11.115Z,738489,1,IA,20141
,2026-04-07T18:45:14.113Z,738491,2,IA,20141
,2026-04-07T18:46:17.110Z,738492,1,IA,20141
,2026-04-07T18:47:17.115Z,738493,1,IA,20141
,2026-04-07T18:48:20.111Z,738494,1,IA,20141
,2026-04-07T18:49:23.112Z,738495,1,IA,20141
,2026-04-07T18:50:26.103Z,738496,1,IA,20141
,2026-04-07T18:51:26.113Z,738497,1,IA,20141
,2026-04-07T18:52:29.107Z,738498,1,IA,20141
,2026-04-07T18:53:29.118Z,738499,1,IA,20141
,2026-04-07T18:54:32.110Z,738500,1,IA,20141
,2026-04-07T18:55:35.113Z,738501,1,IA,20141
,2026-04-07T18:56:35.121Z,738502,1,IA,20141
,2026-04-07T18:57:38.114Z,738504,2,IA,20141
,2026-04-07T18:58:41.110Z,738505,1,IA,20141
,2026-04-07T18:59:44.114Z,738506,1,IA,20141
,2026-04-07T19:00:47.109Z,738507,1,IA,20141
,2026-04-07T19:01:50.113Z,738508,1,IA,20141
,2026-04-07T19:02:53.107Z,738509,1,IA,20141
,2026-04-07T19:03:56.107Z,738511,2,IA,20141
,2026-04-07T19:06:02.112Z,738513,2,IA,20141
,2026-04-07T19:07:05.107Z,738514,1,IA,20141
,2026-04-07T19:08:05.114Z,738515,1,IA,20141
,2026-04-07T19:09:08.127Z,738516,1,IA,20141
,2026-04-07T19:10:11.104Z,738518,2,IA,20141
,2026-04-07T19:11:11.111Z,738519,1,IA,20141
,2026-04-07T19:12:14.111Z,738520,1,IA,20141
,2026-04-07T19:13:17.107Z,738521,1,IA,20141
,2026-04-07T19:14:17.109Z,738522,1,IA,20141
,2026-04-07T19:15:20.110Z,738523,1,IA,20141
,2026-04-07T19:16:23.107Z,738525,2,IA,20141
,2026-04-07T19:17:23.110Z,738526,1,IA,20141
,2026-04-07T19:21:34.120Z,738530,4,IA,20141
,2026-04-07T19:22:56.323Z,738531,1,IA,20141
,2026-04-07T19:23:58.114Z,738531,0,IA,20141
,2026-04-07T19:24:59.118Z,738532,1,IA,20141
,2026-04-07T19:26:00.114Z,738532,0,IA,20141
,2026-04-07T19:27:04.114Z,738533,1,IA,20141
,2026-04-07T19:28:10.134Z,738533,0,IA,20141
,2026-04-07T21:47:16.108Z,738534,1,IA,20141
,2026-04-07T21:50:08.052Z,738535,1,IA,20141
,2026-04-07T21:51:08.105Z,738535,0,IA,20141
,2026-04-07T21:52:08.114Z,738536,1,IA,20141
,2026-04-07T21:53:11.102Z,738537,1,IA,20141
,2026-04-07T21:54:14.137Z,738539,2,IA,20141
,2026-04-07T21:55:17.112Z,738540,1,IA,20141
,2026-04-07T21:56:20.110Z,738541,1,IA,20141
,2026-04-07T21:57:23.114Z,738542,1,IA,20141
,2026-04-07T21:58:26.117Z,738543,1,IA,20141
,2026-04-07T21:59:29.109Z,738544,1,IA,20141
,2026-04-07T22:00:32.110Z,738545,1,IA,20141
,2026-04-07T22:01:32.117Z,738546,1,IA,20141
,2026-04-07T22:03:38.119Z,738548,2,IA,20141
,2026-04-07T22:04:41.106Z,738549,1,IA,20141
,2026-04-07T22:05:44.112Z,738550,1,IA,20141
,2026-04-07T22:06:47.104Z,738551,1,IA,20141
,2026-04-07T22:07:47.117Z,738552,1,IA,20141
,2026-04-07T22:08:50.110Z,738553,1,IA,20141
,2026-04-07T22:09:53.115Z,738554,1,IA,20141
,2026-04-07T22:10:53.111Z,738555,1,IA,20141
,2026-04-07T22:11:56.114Z,738557,2,IA,20141
,2026-04-07T22:12:59.117Z,738558,1,IA,20141
,2026-04-07T22:13:59.112Z,738559,1,IA,20141
,2026-04-07T22:15:02.114Z,738560,1,IA,20141
,2026-04-07T22:16:05.117Z,738561,1,IA,20141
,2026-04-07T22:17:08.110Z,738562,1,IA,20141
,2026-04-07T22:18:08.124Z,738563,1,IA,20141
,2026-04-07T22:19:11.116Z,738565,2,IA,20141
,2026-04-07T22:20:14.122Z,738566,1,IA,20141
,2026-04-07T22:21:14.112Z,738567,1,IA,20141
,2026-04-07T22:22:17.118Z,738568,1,IA,20141
,2026-04-07T22:23:20.117Z,738569,1,IA,20141
,2026-04-07T22:24:23.114Z,738570,1,IA,20141
,2026-04-07T22:26:26.111Z,738572,2,IA,20141
,2026-04-07T22:27:29.105Z,738573,1,IA,20141
,2026-04-07T22:28:32.110Z,738574,1,IA,20141
,2026-04-07T22:29:35.109Z,738575,1,IA,20141
,2026-04-07T22:30:38.113Z,738576,1,IA,20141
,2026-04-07T22:31:38.138Z,738578,2,IA,20141
,2026-04-07T22:32:41.118Z,738579,1,IA,20141
,2026-04-07T22:33:44.116Z,738580,1,IA,20141
,2026-04-07T22:34:47.125Z,738581,1,IA,20141
,2026-04-07T22:35:50.104Z,738582,1,IA,20141
,2026-04-07T22:36:50.109Z,738583,1,IA,20141
,2026-04-07T22:37:53.104Z,738584,1,IA,20141
,2026-04-07T22:38:56.115Z,738585,1,IA,20141
,2026-04-07T22:39:59.128Z,738587,2,IA,20141
,2026-04-07T22:42:00.121Z,738588,1,IA,20141
,2026-04-07T22:43:03.121Z,738590,2,IA,20141
,2026-04-07T22:44:06.121Z,738591,1,IA,20141
,2026-04-07T22:45:09.117Z,738592,1,IA,20141
,2026-04-07T22:46:12.122Z,738593,1,IA,20141
,2026-04-07T22:47:15.110Z,738594,1,IA,20141
,2026-04-07T22:48:15.114Z,738595,1,IA,20141
,2026-04-07T22:49:18.116Z,738596,1,IA,20141
,2026-04-07T22:50:21.114Z,738597,1,IA,20141
,2026-04-07T22:52:24.115Z,738599,2,IA,20141
,2026-04-07T22:53:27.117Z,738600,1,IA,20141
,2026-04-07T22:54:30.264Z,738602,2,IA,20141
,2026-04-07T22:55:33.118Z,738603,1,IA,20141
,2026-04-07T22:56:36.124Z,738604,1,IA,20141
,2026-04-07T22:57:39.114Z,738605,1,IA,20141
,2026-04-07T22:58:42.111Z,738606,1,IA,20141
,2026-04-07T22:59:42.116Z,738607,1,IA,20141
,2026-04-07T23:00:45.118Z,738608,1,IA,20141
,2026-04-07T23:01:48.123Z,738609,1,IA,20141
,2026-04-07T23:02:51.121Z,738610,1,IA,20141
,2026-04-07T23:03:51.124Z,738611,1,IA,20141
,2026-04-07T23:04:54.115Z,738612,1,IA,20141
,2026-04-07T23:05:54.129Z,738613,1,IA,20141
,2026-04-07T23:06:57.108Z,738614,1,IA,20141
,2026-04-07T23:07:57.122Z,738615,1,IA,20141
,2026-04-07T23:08:57.120Z,738616,1,IA,20141
,2026-04-07T23:10:00.122Z,738617,1,IA,20141
,2026-04-07T23:11:02.121Z,738618,1,IA,20141
,2026-04-07T23:12:06.121Z,738619,1,IA,20141
,2026-04-07T23:13:07.117Z,738619,0,IA,20141
,2026-04-08T00:54:34.716Z,738620,1,IA,20141